,Age,Height,Weight,FAF,CH2O,NCP,MTRANS_Automobile,MTRANS_Bike,MTRANS_Motorbike,MTRANS_Public_Transportation,MTRANS_Walking,SCC_no,SCC_yes,SMOKE_no,SMOKE_yes,CAEC_Always,CAEC_Frequently,CAEC_Sometimes,CAEC_no,CALC_Always,CALC_Frequently,CALC_Sometimes,CALC_no
0,1.8517154501738726,-0.20203914196393674,-0.03080457684409816,-0.017076921384204077,-0.3355937119882044,-0.17548639802547572,0.857142857142857,0.0031055900621117924,0.006211180124223584,0.12111801242235909,0.012422360248447159,0.9844720496894409,0.015527950310559098,0.9813664596273293,0.018633540372670735,0.018633540372670832,0.04658385093167687,0.9285714285714286,0.006211180124223593,-2.168404344971009e-19,0.06832298136645965,0.5341614906832299,0.3975155279503104
1,-0.6280015364422636,-0.16037342719340905,-0.8096889893702637,0.44362329109954757,-0.1672630286956474,0.5920635936791137,0.11976911976911944,0.008658008658008705,0.007215007215007178,0.8152958152958151,0.04906204906204945,0.9047619047619045,0.0952380952380954,0.9783549783549785,0.0216450216450215,0.047619047619047145,0.24386724386724493,0.6810966810966808,0.02741702741702739,-9.75781955236954e-19,0.0418470418470423,0.518037518037518,0.44011544011544
2,-0.028493849443540616,0.5077902593719638,0.9661846272222679,-0.2582937380292778,0.3418619900267919,0.3309743495280897,0.11311053984575813,-1.214306433183765e-17,0.0025706940874035667,0.8753213367609249,0.008997429305912498,0.9974293059125963,0.0025706940874037354,0.9768637532133677,0.02313624678663229,0.0077120822622108245,0.01156812339331656,0.978149100257069,0.0025706940874035446,1.5178830414797062e-18,0.015424164524421708,0.9113110539845749,0.0732647814910029
3,-0.4367267148881249,-0.6882560787231715,-0.5681072220173986,-0.3175460498726267,-0.13205715124075026,-1.9223002961895517,0.03144654088050289,-5.637851296924623e-18,0.006289308176100617,0.9276729559748427,0.03459119496855348,0.9276729559748427,0.07232704402515733,0.9842767295597485,0.015723270440251506,0.025157232704402538,0.1540880503144654,0.7327044025157231,0.08805031446540874,0.0031446540880502986,0.02201257861635219,0.5062893081761007,0.4685534591194968
